ISBN,Book-Title,Year-Of-Publication,Author-ID
0195153448,Classical Mythology,2002,1
0002005018,Clara Callan,2001,2
0060973129,Decision in Normandy,1991,3
0374157065,Flu: The Story of the Great Influenza Pandemic of 1918 and the Search for the Virus That Caused It,1999,4
0393045218,The Mummies of Urumchi,1999,5
0399135782,The Kitchen God's Wife,1991,6
0425176428,What If?: The World's Foremost Military Historians Imagine What Might Have Been,2000,7
0671870432,PLEADING GUILTY,1993,8
0679425608,Under the Black Flag: The Romance and the Reality of Life Among the Pirates,1996,9
074322678X,Where You'll Find Me: And Other Stories,2002,10
0771074670,Nights Below Station Street,1988,11
080652121X,Hitler's Secret Bankers: The Myth of Swiss Neutrality During the Holocaust,2000,12
0887841740,The Middle Stories,2004,13
1552041778,Jane Doe,1999,14
1558746218,A Second Chicken Soup for the Woman's Soul (Chicken Soup for the Soul Series),1998,15
1567407781,The Witchfinder (Amos Walker Mystery Series),1998,16
1575663937,More Cunning Than Man: A Social History of Rats and Man,1999,17
1881320189,Goodbye to the Buttermilk Sky,1994,18
0440234743,The Testament,1999,19
0452264464,Beloved (Plume Contemporary Fiction),1994,20
0609804618,Our Dumb Century: The Onion Presents 100 Years of Headlines from America's Finest News Source,1999,21
1841721522,New Vegetarian: Bold and Beautiful Recipes for Every Occasion,2001,22
1879384493,If I'd Known Then What I Know Now: Why Not Learn from the Mistakes of Others? : You Can't Afford to Make Them All Yourself,2003,23
0061076031,Mary-Kate &amp; Ashley Switching Goals (Mary-Kate and Ashley Starring in),2000,24
0439095026,Tell Me This Isn't Happening,1999,25
0689821166,Flood : Mississippi 1927,1998,26
0971880107,Wild Animus,2004,27
0345402871,Airframe,1997,28
0345417623,Timeline,2000,29
0684823802,OUT OF THE SILENT PLANET,1996,30
0375759778,Prague : A Novel,2003,31
0425163091,Chocolate Jesus,1998,32
3404921038,Wie Barney es sieht.,2002,33
3442353866,Der Fluch der Kaiserin. Ein Richter- Di- Roman.,2001,34
3442410665,Sturmzeit. Roman.,1991,35
3442446937,Tage der Unschuld.,2000,36
0375406328,Lying Awake,2000,37
0446310786,To Kill a Mockingbird,1988,38
0449005615,Seabiscuit: An American Legend,2002,39
0060168013,Pigs in Heaven,1993,40
038078243X,Miss Zukas and the Raven's Dance,1996,41
055321215X,Pride and Prejudice,1983,42
067176537X,The Therapeutic Touch: How to Use Your Hands to Help or to Heal,1979,43
0061099686,Downtown,1995,44
0553582909,Icebound,2000,45
0671888587,I'll Be Seeing You,1994,46
0553582747,From the Corner of His Eye,2001,47
0425182908,Isle of Dogs,2002,48
042518630X,Purity in Death,2002,49
0440223571,This Year It Will Be Different: And Other Stories,1997,50
0812523873,Proxies,1999,51
0842342702,Left Behind: A Novel of the Earth's Last Days (Left Behind #1),2000,52
0440225701,The Street Lawyer,1999,53
0060914068,"Love, Medicine and Miracles",1988,54
0156047624,All the King's Men,1982,55
0245542957,Pacific Northwest,1985,56
0380715899,A Soldier of the Great War,1992,57
0553280333,Getting Well Again,1992,58
0961769947,Northwest Wines and Wineries,1993,59
0964778319,An Atmosphere of Eternity: Stories of India,2002,60
0671623249,LONESOME DOVE,1986,61
0679810307,Shabanu: Daughter of the Wind (Border Trilogy),1991,62
0679865691,Haveli (Laurel Leaf Books),1995,62
2070423204,Lieux dits,2002,63
0345260317,The Dragons of Eden: Speculations on the Evolution of Human Intelligence,1978,64
0394743741,The yawning heights,1980,65
042511774X,Breathing Lessons,1994,66
0804106304,The Joy Luck Club,1994,6
1853262404,Heart of Darkness (Wordsworth Collection),1998,67
0312970242,The Angel Is Near,2000,68
1853260053,Tess of the D'Urbervilles (Wordsworth Classics),1997,69
1414035004,The Adventures of Drew and Ellie: The Magical Dress,2003,70
0060938412,The Accidental Virgin,2003,71
0140067477,The Tao of Pooh,1983,72
0345465083,Seabiscuit,2003,39
0451625889,The Prince,1952,73
1558531025,Life's Little Instruction Book (Life's Little Instruction Books (Paperback)),1991,74
0441783589,Starship Troopers,1987,75
0394895894,"The Ruby in the Smoke (Sally Lockhart Trilogy, Book 1)",1988,76
1569871213,Black Beauty (Illustrated Classics),1995,77
0375410538,Anil's Ghost,2000,78
0966986105,Prescription for Terror,1999,79
087113375X,Modern Manners: An Etiquette Book for Rude People,1990,80
0340767936,Turning Thirty,2000,81
0743403843,Decipher,2002,82
0060930365,"My First Cousin Once Removed: Money, Madness, and the Family of Robert Lowell",1999,83
0060177586,Standing Firm: A Vice-Presidential Memoir,1994,84
0071416331,Team Bush : Leadership Lessons from the Bush White House,2003,85
0375509038,The Right Man : The Surprise Presidency of George W. Bush,2003,86
0553062042,Daybreakers Louis Lamour Collection,1981,87
0316769487,The Catcher in the Rye,1991,88
8445071408,El Senor De Los Anillos: LA Comunidad Del Anillo (Lord of the Rings (Spanish)),2001,89
8445071769,El Senor De Los Anillos: Las DOS Torres (Lord of the Rings (Paperback)),2001,89
8445071777,"El Senor De Los Anillos: El Retorno Del Rey (Tolkien, J. R. R. Lord of the Rings. 3.)",2001,89
0679429220,Midnight in the Garden of Good and Evil: A Savannah Story,1994,90
0671867156,Pretend You Don't See Her,1998,46
0312252617,Fast Women,2001,91
0312261594,Female Intelligence,2001,92
0316748641,Pasquale's Nose: Idle Days in an Italian Town,2002,93
0316973742,The Gospel of Judas: A Novel,2002,94
0385235941,"Prize Stories, 1987: The O'Henry Awards",1987,95
0446677450,"Rich Dad, Poor Dad: What the Rich Teach Their Kids About Money--That the Poor and Middle Class Do Not!",2000,96
0451166892,The Pillars of the Earth,1996,97
0553347594,McDonald's: Behind the Arches,1995,98
0671621009,Creating Wealth : Retire in Ten Years Using Allen's Seven Principles of Wealth!,1986,99
067976397X,Corelli's Mandolin : A Novel,1995,100
0684822733,"Love, Miracles, and Animal Healing : A heartwarming look at the spiritual bond between animals and humans",1996,101
0786868716,The Five People You Meet in Heaven,2003,102
8472238822,Tu Nombre Escrito En El Agua (La Sonrisa Vertical),2002,103
0671864769,Relics (Star Trek: The Next Generation),1992,104
0671521519,Bless The Beasts And Children : Bless The Beasts And Children,1995,105
0440222303,"The Touch of Your Shadow, the Whisper of Your Name (Babylon 5, Book 5)",1996,106
0312953453,Blood Oath,1994,107
0446608653,The Alibi,2000,108
0446612545,The Beach House,2003,109
0446612618,A Kiss Remembered,2003,108
0451208080,The Short Forever,2003,110
0553584383,Dead Aim,2004,111
0671027360,Angels &amp; Demons,2001,112
0812575954,The Deal,2000,113
0316735736,All He Ever Wanted: A Novel,2004,114
0743439740,"Every Breath You Take : A True Story of Obsession, Revenge, and Murder",2002,115
0345372700,"If I Ever Get Back to Georgia, I'm Gonna Nail My Feet to the Ground",1991,116
0380619458,The Mosquito Coast,1990,117
0446325805,"If Love Were Oil, I'd Be About a Quart Low",1994,118
0451406923,"Goodbye, My Little Ones: The True Story of a Murderous Mother and Five Innocent Victims",1996,119
0671042858,The Girl Who Loved Tom Gordon,2000,120
0743249992,Bringing Down the House: The Inside Story of Six M.I.T. Students Who Took Vegas for Millions,2003,121
0840734530,"The Oneprince (The Redaemian Chronicles, Book 1)",1992,122
0425184226,The Sum of All Fears,2002,123
0375500766,Care Packages : Letters to Christopher Reeve from Strangers and Other Friends,1999,124
9724119378,O Deus Das Pequenas Coisas,1998,125
0451205197,Lady in Green/Minor Indiscretions (Signet Regency Romance),2002,126
0060929790,One Hundred Years of Solitude,1998,127
0060976845,Little Altars Everywhere: A Novel,1996,128
0061099325,Coyote Waits (Joe Leaphorn/Jim Chee Novels),1992,129
0671004573,Before I Say Good-Bye,2001,46
0446601640,Slow Waltz in Cedar Bend,1994,130
0330484516,Twenty Minute Retreats: Revive Your Spirits in Just Minutes a Day (A Pan Self-discovery Title),2001,131
038572179X,Atonement : A Novel,2003,132
0393020371,Next: The Future Just Happened,2001,133
1900850303,The Angelic Darkness,1999,134
1903019699,The Soulbane Stratagem,2000,135
0345425294,Gangster,2002,136
0451410319,Hush,2002,137
0553583468,"Whisper of Evil (Hooper, Kay. Evil Trilogy.)",2002,138
8420639133,Temor y Temblor,2001,139
8476409419,Estudios sobre el amor,2001,140
0380778556,Rebecca,1994,141
0451525221,Scarlet Letter,1993,142
0002740230,Keep It Simple: And Get More Out of Life,1999,143
0385336772,Diary of a Mad Mom-To-Be,2003,144
0440949424,Locked in Time (Laurel Leaf Books),1986,145
0505524996,Contact,2002,146
0140252800,The Brimstone Wedding,1997,147
0451452755,The Catswold Portal,1993,148
0812575482,Through Wolf's Eyes (Wolf),2002,149
044651747X,Puerto Vallarta Squeeze,1995,130
0060801263,Tree Grows In Brooklyn,1988,150
0061030147,"Cybill Disobedience: How I Survived Beauty Pageants, Elvis, Sex, Bruce Willis, Lies, Marriage, Motherhood, Hollywood, and the Irrepressible Urge to Say What I Think",2001,151
0140250964,Snow Angels,1995,152
0446527165,Wish You Well,2000,153
0671461494,The Hitchhiker's Guide to the Galaxy,1982,154
0385337639,Crow Lake (Today Show Book Club #7),2003,155
039575514X,My Antonia,1995,156
0451206673,Pen Pals,2002,157
0330332775,Bridget Jones's Diary,1997,158
0486284735,Pride and Prejudice (Dover Thrift Editions),1995,42
0671021745,EYE ON CRIME: HARDY BOYS #153,1998,159
0671047612,Skin And Bones,2000,159
0671504282,"LAW OF THE JUNGLE (HARDY BOYS CASE FILE 105) : LAW OF THE JUNGLE (Hardy Boys, The)",1995,159
0399138684,The Cat Who Came to Breakfast (Cat Who... (Hardcover)),1994,160
0785263292,"If Singleness Is a Gift, What's the Return Policy?",2003,161
0830714014,Always Daddy's Girl: Understanding Your Father's Impact on Who You Are,1989,162
0345354931,Night Mare (Xanth Novels (Paperback)),1990,163
0553278223,The Martian Chronicles,1984,164
3150000335,Kabale Und Liebe,0,165
3257203659,,2002,166
3257207522,,1980,167
3257208626,Fahrenheit 451,1994,166
3257208634,,1981,166
3257208669,,2003,166
3257210450,,1999,166
3257212054,,2000,166
3257212429,,2000,166
3257214154,,2000,166
3257216416,,1988,166
3257233051,Veronika Deschliesst Zu Sterben / Vernika Decides to Die,2002,168
342311360X,Die Liebe in Den Zelten,0,127
3423116714,Die Klone der Joanna May. Roman.,1993,169
3423241489,Ist mein Hintern wirklich so dick? Tagebuch einer empfindsamen Frau.,1998,170
3426605686,Haifischfrauen.,1996,171
3453212150,Die Cappuccino- Jahre. Aus dem Tagebuch des Adrian Mole.,2002,172
3462021095,Schwarzer Tee mit drei Stück Zucker,1991,173
3492045642,,2003,174
3498020862,Die Korrekturen.,2002,175
3499110695,,1968,176
3499151502,"Hebt den Dachbalken hoch, Zimmerleute / Seymour wird vorgestellt.",1998,176
3518111000,,1981,177
3548254268,,2002,178
3570300099,"Das Intimleben des Adrian Mole, 13 3/4 Jahre. cbt. ( Ab 14 J.).",2002,172
3596292646,,2000,179
0060977493,The God of Small Things,1998,180
0312872682,The James Dean Affair: A Neil Gulliver &amp; Stevie Marriner Novel,2000,181
0316602906,The Big Bad Wolf: A Novel,2003,109
0316693006,Four Blind Mice,2002,109
0345311396,Private Screening,1994,36
0345378490,Congo,1995,28
0345404793,Protect and Defend,2001,36
0345433173,The Tall Pine Polka,1999,182
0375400117,Memoirs of a Geisha,1997,183
0375705856,Plainsong (Vintage Contemporaries),2000,184
0380717018,Body of Evidence (Kay Scarpetta Mysteries (Paperback)),1992,185
0380718332,All That Remains (Kay Scarpetta Mysteries (Paperback)),1993,185
0380754509,The Case of the Lost Look-Alike (An Avon Camelot Book),1988,186
038076654X,Petals on the River,1997,187
0380807866,The Elusive Flame,1999,187
0385316895,Legacy of Silence,1998,188
0385497466,The Brethren,2000,53
0385508042,The King of Torts,2003,19
0385509456,The Curious Incident of the Dog in the Night-Time : A Novel,2003,189
0385511612,Bleachers,2003,19
0385730586,Sisterhood of the Traveling Pants,2003,190
0425164403,Only Love (Magical Love),1998,191
0440234964,All or Nothing (Wheeler Large Print Books),2000,192
0446605484,Roses Are Red (Alex Cross Novels),2001,109
0446610399,The Rescue,2001,193
0449006522,Manhattan Hunt Club,2002,194
0449911004,Patty Jane's House of Curl (Ballantine Reader's Circle),1996,195
0451162072,Pet Sematary,1994,120
0451186648,Silent Snow,2000,196
0452282152,Girl with a Pearl Earring,2001,197
051513290X,Summer of Storms,2002,198
0553580388,The Patient,2001,199
0590598848,"Demona's Revenge (Gargoyles, No. 2)",1995,200
0590629719,Clifford's Sports Day,1996,201
0671023616,Postmortem (Kay Scarpetta Mysteries (Paperback)),1998,48
0671027387,Deception Point,2002,112
0684848783,Tis : A Memoir,1999,202
0743486226,Angels &amp; Demons,2003,112
0786863986,A Monk Swimming,1998,203
0803251718,Crazy Horse,1961,204
0804117934,The Silent Cry (William Monk Novels (Paperback)),1998,205
140003180X,The Kalahari Typing School for Men (No. 1 Ladies' Detective Agency),2004,206
155874262X,Chicken Soup for the Soul (Chicken Soup for the Soul),1993,15
0060987103,Wicked: The Life and Times of the Wicked Witch of the West,1996,207
0151008116,Life of Pi,2002,208
0375704965,A Judgement in Stone,2000,209
0525947647,Lies and the Lying Liars Who Tell Them: A Fair and Balanced Look at the Right,2003,210
0804111359,Secret History,1993,211
1558744150,Chicken Soup for the Woman's Soul (Chicken Soup for the Soul Series (Paper)),1996,15
0435272683,Great Expectations (Heinemann Guided Readers),1995,212
0316782505,The Weight of Water,2001,114
006102063X,Moving Pictures (Discworld Novels (Paperback)),2002,213
0060013117,Night Watch,2002,213
0060199563,Thief of Time,2001,213
006052779X,Charlotte's Web Book and Charm (Charming Classics),2003,214
0060563079,Peter Pan: The Original Story (Peter Pan),2003,215
0060809027,My Friend Flicka,1988,216
0061040967,The Last Hero : A Discworld Fable (Discworld Novels (Hardcover)),2001,213
0061050474,Jingo: A Discworld Novel (Discworld Series/Terry Pratchett),1998,213
0061052515,"Maskerade: A Novel of Discworld (Pratchett, Terry. Discworld Series (New York, N.Y.).)",1997,213
0061052523,Interesting Times: A Novel of Discworld,1997,213
0064472264,"On the Bright Side, I'm Now the Girlfriend of a Sex God: Further Confessions of Georgia Nicolson",2002,217
0140620664,Mansfield Park (Penguin Popular Classics),1994,42
0312148267,The Wind in the Willows,1996,218
0312156960,The Winter King: A Novel of Arthur (The Warlord Chronicles: I),1997,219
0312890044,Moonheart (Newford),1994,220
034543191X,The King of Elfland's Daughter (Del Rey Impact),1999,221
0373836023,Powder and Patch,2004,222
0375751513,The Picture of Dorian Gray (Modern Library (Paperback)),1998,223
0375801677,The Iron Giant,1999,224
0375814248,James and the Giant Peach,2002,225
0375823352,"The Amber Spyglass (His Dark Materials, Book 3)",2002,76
037582345X,"The Golden Compass (His Dark Materials, Book 1)",2002,76
0375823468,"The Subtle Knife (His Dark Materials, Book 2)",2002,76
0380730448,"The Adrian Mole Diaries : The Secret Diary of Adrian Mole, Aged 13 3/4 : The Growing Pains of Adrian Mole",1997,172
0380973839,Martian Chronicles,1997,166
0385327773,The Great God Pan,2003,226
0394586239,Possession: A Romance,1990,227
0439510112,Born Confused,2003,228
0440241413,Confessions of a Shopaholic,2003,229
0451409256,Making Minty Malone,2000,230
0451523415,Little Women (Signet Classic),1988,231
0451526279,Emma (Signet Classics (Paperback)),1996,42
0451526341,Animal Farm,2004,232
0486415864,Great Expectations (Dover Thrift Editions),2001,233
0553280589,Eva Luna,1989,234
0571197639,Poisonwood Bible Edition Uk,0,40
0670035262,The Green Man : Tales from the Mythic Forest,2002,235
0679423079,Nicholas Nickleby (Everyman's Library),1993,233
0679751343,Angels &amp; Insects : Two Novellas,1994,236
0684833395,Catch 22,1996,237
0743245024,The Forsyte Saga : The Man of Property and In Chancery,2002,238
0749748001,The Enchanted Wood,2002,239
0749748028,The Folk of the Faraway Tree,2002,239
0963094424,Angels and Visitations: A Miscellany,1993,240
1401201172,"League of Extraordinary Gentlemen, Vol. 2 (Comic)",2003,241
1563892278,"Preludes and Nocturnes (Sandman, Book 1)",1998,240
1563898586,"The League of Extraordinary Gentlemen, Vol. 1",2002,241
156971620X,Harlequin Valentine,2002,240
1592571301,Alpha Teach Yourself American Sign Language in 24 Hours (Alpha Teach Yourself in 24 Hours),2003,242
0374270325,A Man in Full,1998,243
0375719180,The Miracle Life of Edgar Mint: A Novel,2002,244
0440235502,October Sky: A Memoir,1999,245
044023722X,A Painted House,2001,19
1573225487,The Romance Reader,1996,246
1853260673,Far from the Madding Crowd (Wordsworth Classics),1997,69
0060977477,The Perfect Storm : A True Story of Men Against the Sea,1999,247
0345391691,The Battle for God,2001,248
0520011171,Sappho: A New Translation,1958,249
0553278746,The Postman (Bantam Classics),1990,250
0670856045,The Tortilla Curtain,1995,251
0872200760,Symposium,1989,252
0937858994,The What's Happening to My Body? Book for Boys: A Growing Up Guide for Parents and Sons,1987,253
0671649949,OBJECT AFFECTION,1988,254
0590431110,The Journey Home,1993,255
0064470113,Taking the Ferry Home,1990,256
0553571486,Angel of Hope (Mercy Trilogy),2000,257
0972044205,The Breach,2002,258
0312963009,Neanderthal: A Novel,1997,259
0345430476,A Small Dark Place,1999,260
0345435869,The Rivan Codex : Ancient Texts of THE BELGARIAD and THE MALLOREON,1999,261
0380728729,Babyhood,1998,262
038081840X,Year's Best Fantasy (Year's Best Fantasy),2001,263
0449912302,Dave Barry in Cyberspace,1997,264
055329198X,Wolf Moon,1997,265
0671018930,The War in Heaven (Eternal Warriors),2000,266
0812541642,Waiting,2000,267
0312988699,Nowhere To Run,2004,268
0486282112,Frankenstein (Dover Thrift Editions),1994,269
8483007010,El gust amarg de la cervesa (Collecció Clàssica),1999,270
0670815373,Urn Burial,1987,271
0385313748,All Our Yesterdays (Large Print),1994,272
1575843366,What Shall I Be (Barbie Carryalong),1999,273
0684193957,ALL THAT REMAINS,1992,48
0345371984,Last Chance to See,1992,154
0380730138,Vinegar Hill (Oprah's Book Club (Paperback)),1998,274
1573228737,Affinity,2002,275
9681500555,Diario de Ana Frank,2000,276
0380711109,Desert Notes/River Notes,1990,277
0452283914,"The Best Democracy Money Can Buy: The Truth About Corporate Cons, Globalization and High-Finance Fraudsters",2003,278
0425120279,The Hunt for Red October,1990,123
067153484X,The Music Box,1998,279
0380728273,Liberty Falling (Anna Pigeon Mysteries (Paperback)),2000,280
8433914545,El Palacio de La Luna,1996,281
8484509141,Mientras Escribo,2002,120
0446606197,Killer Market (Deborah Knott Mysteries (Paperback)),1999,282
0771076002,Remembering Peter Gzowski : A Book of Tributes,2002,283
0771088191,The Best Canadian Animal Stories: Classic Tales by Master Storytellers,1997,284
1559703237,Trying to Save Piggy Sneed,1996,285
3596214629,"Herr Der Fliegen (Fiction, Poetry and Drama)",0,286
0062770500,Seattle Access,1993,287
0671847546,REAL GUIDE: CALIFORNIA AND THE WEST COAST (The Real guides),1993,288
0060188731,Bel Canto,2001,289
0140374248,James and the Giant Peach,2000,290
0142001740,The Secret Life of Bees,2003,291
0195086295,What a Wonderful World: A Lifetime of Recordings,1995,292
0312995423,Digital Fortress : A Thriller,2003,112
0380704587,The Ladies of Missalonghi,1988,293
0380815923,Blackberry Wine : A Novel,2001,294
0385416342,The Firm,1991,19
0385418493,How the Irish Saved Civilization: The Untold Story of Ireland's Heroic Role from the Fall of Rome to the Rise of Medieval Europe (Hinges of History),1996,295
038542471X,The Client,1993,19
0425098109,Thieves of Light (Photon : the Ultimate Game on Planet Earth),1987,296
0449005410,Horse Heaven (Ballantine Reader's Circle),2001,297
0449202631,Danger,1985,298
0449207544,Proof,1990,298
0515128554,Heart of the Sea (Irish Trilogy),2000,299
0517577402,Mostly Harmless,1992,154
0590450875,I Spy: A Book of Picture Riddles,1992,300
0590481371,I Spy Spooky Night: A Book of Picture Riddles (I Spy Books),1996,301
067103619X,Lake News,2000,302
0684177730,The SKULL BENEATH THE SKIN,1982,303
0684180200,NEW SHOE,1983,304
0743411269,An Accidental Woman,2003,302
0743470389,The Snow Garden,2004,305
076218857X,The Doorbell Rang (The Best Mysteries of All Time),2000,306
0767905938,A Year by the Sea: Thoughts of an Unfinished Woman,2000,307
0800706544,Though I walk through the valley,1974,308
0801096677,Victorious Christians You Should Know,1984,309
0849953014,Life Lessons: Book Of Hebrews,1997,310
0891091963,Inside out,1988,311
0915811537,Son Rise: The Miracle Continues,1994,312
0927545373,Unveiled at Last,1988,313
1575024179,The Day I Almost Quit,1997,314
1880185008,"Serving As Senders: How to Care for Your Missionaries While They Are Preparing to Go, While They Are on the Field, When They Return Home",1991,315
0140345809,House of Stairs,1991,316
0156528207,The Little Prince,1968,317
0380012863,Jonathan Livingston Seagull,1976,318
0451154916,The Crystal Handbook,1996,319
0785815147,Simple Wicca (Simple Wisdom Book),2002,320
0875421288,"The Complete Book of Incense, Oils &amp; Brews (Llewellyn's Practical Magick)",1989,321
1567184294,"The Western Mysteries: An Encyclopedic Guide to the Sacred Languages &amp; Magickal Systems of the World : The Key of It All, Book II (Key of It All)",2000,322
156718796X,Astral Travel for Beginners (For Beginners),1998,323
1862047626,New Perspectives: Runes,2000,324
0020437501,Rosie'S Walk,1971,325
0198320264,Julius Caesar (Oxford School Shakespeare),2001,326
0373196989,"Santa Brought A Son : Marrying The Boss's Daughter (Silhouette Romance, 1698)",2003,327
0373245580,"Marry Me ... Again   Montana Mavericks (Silhouette Special Edition, 1558)",2003,328
0451527747,Alice's Adventures in Wonderland and Through the Looking Glass,2000,329
0671867113,Moonlight Becomes You,1997,46
0812504208,The Adventures of Tom Sawyer,1989,330
0060173289,Divine Secrets of the Ya-Ya Sisterhood : A Novel,1996,128
0060973897,Lakota Woman,1991,331
006101351X,The Perfect Storm : A True Story of Men Against the Sea,1998,247
0140104682,"Heroes of Their Own Lives: The Politics and History of Family Violence, Boston 1880-1960",1989,332
0312143370,The Florence King Reader,1996,333
0316666343,The Lovely Bones: A Novel,2002,334
039456894X,Impossible Vacation,1992,335
0440224675,Hannibal,2000,336
0449002632,London : The Novel,1998,337
0449213773,Life Before Man,1990,338
0452279690,Cavedweller,1999,339
0553569058,The Robber Bride,1995,338
0679427430,Wouldn't Take Nothing for My Journey Now,1993,340
0679725393,The House of Mirth (Library of America),1990,341
0802114369,Ohitika Woman,1993,342
0803233019,Black Elk Speaks: Being the Life Story of a Holy Man of the Oglala Sioux,1988,343
0819154946,The Community in America,1987,344
0897322339,"The Best in Tent Camping: Smoky Mountains : A Guide for Campers Who Hate Rvs, Concrete Slabs, and Loud Portable Stereos (Best in Tent Camping Colorado)",1997,345
0940322978,Mawrdew Czgowchwz (New York Review Books Classics),2002,346
1573225126,Prozac Nation: Young and Depressed in America : A Memoir,1997,347
1579651658,The Journey From Here,2000,348
1878424319,The Four Agreements: A Practical Guide to Personal Freedom,1997,349
8401351421,El desarrollo de Leonardo da Vinci (Biografías y memorias),1986,350
8423324311,Gastronomia divina (L'áncora),1994,351
8427007450,Desaparecido: LA Autentica Historia De LA Ejecucion De Charles Horman,1982,352
8429734996,Hotel Europa (El Balancí),1992,353
8429736131,La dona dels ulls de pluja: Barcelona anys 90 (El Balancí),1993,354
8440616252,El paraíso (Tiempos modernos),1991,355
8472224260,Negra i consentida (Col¨lecció El Mirall),1983,356
8472227421,Essa efa (Col¨lecció El Mirall i el temps),1985,356
8474103347,Espurnes de sang (La Negra),1987,357
8475960936,Les llengües d'Africa (Biblioteca universal Empúries),1986,358
8477830029,Trànsit (Area contemporània),1987,359
8478091246,L'home del sac,1990,360
8478097732,Gràcies per la propina (Columna),1995,361
8478098267,El dia que es va cremar el Liceu (La primera Columna),1995,362
8478800336,Cómo ser una mujer y no morir en el intento (Colección El Papagayo),1990,363
8478884963,Una casa en Irlanda,1999,50
8483002523,La mirada del tafur (Col¨lecció clàssica),1997,361
8486433193,Amorrada al piló (Columna),1986,364
0600586898,Blur (Melody Maker),1995,365
1853260622,War and Peace (Wordsworth Classics),1997,366
1857938011,A-Z of Behaving Badly,1996,367
0060804157,He Understanding Masculine Psychology,1977,368
8466601090,Las DOS Muertes De Gardel (Ficcionario),2002,369
0140382658,You Can Surf the Net: Your Guide to the World of the Internet,1996,370
0152012966,I Want to Be...a Veterinarian (I Want to Be... Series),1997,371
0312283784,Alice's Tulips,2001,372
0345297709,Centaur Aisle,1982,163
0345313097,Crewel Lye,1985,163
0345335465,Dragonflight (Dragonriders of Pern Trilogy (Paperback)),1991,373
0345416848,Last Sword of Power (Stones of Power),1997,374
0385333404,Dating Big Bird,2000,375
044021145X,The Firm,1992,19
0449212084,Murder at the Kennedy Center (Capital Crime Mysteries),1990,376
0553582682,"Guinness World Records 2000 (Guinness Book of Records, 2000)",2000,377
0590947257,Forever Amber Brown (Amber Brown (Paperback)),1997,378
074345829X,Philip Jose Farmer's The Dungeon,2003,379
0786913878,Pool of Radiance: The Ruins of Myth Drannor (Forgotten Realms),2001,380
0801491827,"Feminism and Suffrage: The Emergence of an Independent Women's Movement in America, 1848-1869",1980,381
0816729913,Why Are Boys So Weird (Tales from Third Grade),1993,382
0843136685,Sheldon &amp; Mrs. Levine: An Excruciating Correspondence,1994,383
0866119531,Black Beauty (Great Illustrated Classics (Playmore)),2000,77
0866119566,Oliver Twist (Great Illustrated Classics),1989,233
0870441663,The wild ponies of Assateague Island (Books for young explorers),1975,384
1561561428,Frankenstein (Illustrated Classics Series),1992,269
0553210092,The Scarlet Letter,1965,385
0553258524,Dragonsong (Harper Hall Trilogy),1977,373
0688163726,The Watch House,1998,271
1569471096,Was It Something I Said?,1998,386
055358099X,Cloud Nine,2000,387
0316168815,The Lovely Bones,2004,334
014023828X,The Tortilla Curtain,1996,251
0316314927,Sarah Conley,1998,388
0345424719,A Widow for One Year,1999,389
0375414746,The Clearing,2003,390
0375726403,Empire Falls,2002,391
0385503857,Oryx and Crake,2003,338
0425156842,Sophie's World: A Novel About the History of Philosophy (Berkeley Signature Edition),1997,392
0440226104,Black and Blue,1999,393
0452277337,Le Divorce (William Abrahams Book),1997,394
0553802488,The Face,2003,395
0671021001,She's Come Undone (Oprah's Book Club),1998,396
0767903579,Falling Leaves: The True Story of an Unwanted Chinese Daughter,1999,397
0805063897,Nickel and Dimed: On (Not) Getting By in America,2002,398
0679777431,"The Game of Kings (Lymond Chronicles, 1)",1997,399
0553285343,"RUSSIA HOUSE, THE",1990,400
0486285529,Solv-A-Crime Puzzles (Dover Game and Puzzle Activity Books),1995,401
0671002481,The First Wives Club Movie Tie In,1996,157
0812523385,Selected Poems of Emily Dickinson,1995,402
0895774666,Watercolor School (Reader's Digest Learn-As-You-Go Guides),1993,403
0020199090,Joshua In the Holy Land,1993,404
0385495145,The Messenger,2002,405
0679733825,Sisters of the Earth: Women's Prose and Poetry About Nature,1991,406
0842329129,Left Behind: A Novel of the Earth's Last Days (Left Behind No. 1),1996,52
0345451260,Househusband,2002,407
0740700235,Life Messages: Inspiration For The Woman's Spirit,2002,408
0380973545,Letters from a Nut,1999,409
0393321576,Karl Marx: A Life,2001,410
0743424425,The Shining,2001,120
0786868015,The Diary of Ellen Rimbauer: My Life at Rose Red,2001,411
0446610178,The Sky Is Falling,2001,412
0684854953,Santa Pete : A Novel Of Christmas Present And Past,1998,413
0743229878,Mount Vernon Love Story : A Novel of George and Martha Washington,2002,46
0380617625,The Kingdom: Arabia and the House of Sa'Ud,1983,414
0380732335,Florida Road Kill: A Novel,2000,415
0385337132,The 37th Hour,2003,416
0440235057,Be Cool,2000,417
0445402040,The Hunted,1986,417
0618119760,The Saints of Big Harbour: A Novel,2002,418
0871138646,Old Flames,2003,419
0026329859,From the Earth: Chinese Vegetarian Cooking,1995,420
0060621257,Living in the Presence: Disciplines for the Spiritual Heart,1988,421
0060915544,The Bean Trees,1989,40
0060917016,Homeland and Other Stories,1990,40
0060925000,"A Suitable Boy : Novel, A",1994,422
0060932759,Daughter of Fortune,2000,234
0061000280,The Fly on the Wall,1990,129
0192815318,Cranford (The World's Classics),1982,423
0312195516,The Red Tent (Bestselling Backlist),1998,424
0380792664,The Right Hand of Amon,1997,425
0393048977,Last Blue: Poems,2000,426
0399137807,The Cat Who Wasn't There,1992,160
039914739X,Isle of Dogs,2001,427
0451203046,Light a Penny Candle,2001,50
0451410556,The Blue Last: A Richard Jury Mystery (Richard Jury Mysteries (Paperback)),2002,428
0451523318,Turn of the Screw and Short N,1978,429
0486281965,The Country of the Pointed Firs (Dover Thrift Editions),1994,430
0486292940,Early Poems (Dover Thrift Editions),1997,431
051762639X,Barchester Towers (Oxford Pocket Classics),1986,432
0684824442,REEF,1996,341
0743458303,Wednesday the Rabbi Got Wet,2003,433
081296666X,Things My Girlfriend and I Have Argued About: A Novel,2003,434
0819215635,Listening Hearts: Discerning Call in Community,1991,435
0880011025,Unattainable Earth,1987,436
1561011525,"The Practice of Prayer (New Church's Teaching Series, Vol 4)",1998,437
1877727083,Vertical Poetry: Recent Poems,1992,438
0486206173,Rubinstein's Chess Masterpieces,1941,439
0312278586,The Nanny Diaries: A Novel,2002,440
8845229041,Biblioteca Universale Rizzoli: Sulla Sponda Del Fiume Piedra,0,441
887641486X,I Giorni Dell'abbandono,2002,442
0140370900,The Gizmo,1995,443
0674511255,The Last Best Hope of Earth: Abraham Lincoln and the Promise of America,1993,444
0030096189,Organic Chemistry (Saunders Golden Sunburst Series),1994,445
0312965745,Secrets of St. John's Wort: A Lynn Sonberg Book,1998,446
0345374657,Diet for a Poisoned Planet: How to Choose Safe Foods for You and Your Family,1992,447
0395710901,"Punished by Rewards: The Trouble With Gold Stars, Incentive Plans, A'S, Praise, and Other Bribes",1995,448
080521061X,Montessori Today: A Comprehensive Approach to Education from Birth to Adulthood,1996,449
0823032612,Oil Painting Techniques (Artist's Painting Library),1983,450
0679310002,Going down swinging,1999,451
0312288115,Confessions of a Sociopathic Social Climber : The Katya Livingston Chronicles (Katya Livingston Chronicles (Hardcover)),2002,452
0316171107,Like a Hole in the Head,1998,453
0380710218,Postmortem,1993,427
0515118656,The Cove,1996,454
0553289063,An Inconvenient Woman,1991,455
0671000306,Shock Wave (Dirk Pitt Adventures (Paperback)),1996,456
0671673688,While My Pretty One Sleeps,1990,46
1561672033,Antipodes 10,1995,457
0425178242,Kick Ass: Selected Columns of Carl Hiaasen,2001,458
0618173870,Everything Is Illuminated: A Novel,2002,459
0156027321,Life of Pi,2003,208
0375403582,Rules of the Wild,1998,460
0385721420,Three Junes,2003,461
0451202341,Back Roads,2001,462
0743418190,In Her Shoes : A Novel,2002,463
0385335407,The Kiss,2001,464
0965746828,Home Spun: A Collection,1997,465
0060923245,Sweet Hereafter Movie Tie-In : A Novel,1992,466
0486272664,The Rime of the Ancient Mariner and Other Poems,1992,467
0786015276,11th Hour,2003,468
0060913509,In Country RI,1986,469
0553272837,Brazen Virtue,1996,299
0440225078,Ghost Moon,2001,470
0312145543,Brewing Up a Storm: A John Thatcher Mystery,1996,471
0425181111,Strangers,2002,45
0380732688,Milk and Honey (Peter Decker/Rina Lazarus Novels),2002,472
0140286276,The Deep End of the Ocean (Oprah's Book Club),1999,473
0373484100,Night Tales,2000,299
0449907481,A Thousand Acres (Ballantine Reader's Circle),1992,474
0553107305,Chopping Spree,2002,475
080213825X,Four Blondes,2001,476
0515127833,River's End,2003,299
0345441133,Summer Island,2002,477
0515134279,The Straw Men,2002,478
0945586051,The Doctor the Patient: The Personal Journey of a Physician With Cancer,1989,479
0385490992,The Street Lawyer,1998,19
0385424728,The Chamber,1994,19
0312980388,Warlock : A Novel of Ancient Egypt,2002,480
0590419625,The Teacher from the Black Lagoon,1989,481
0385472951,The Partner,1997,19
0451195663,Primal Scream,1998,482
0425182878,Chosen Prey,2004,483
0553564528,Guilty as Sin,1997,484
055356451X,Night Sins,1995,484
0743412621,The Second Time Around : A Novel,2004,46
0849943728,Three,2003,485
0849943450,The Canopy,2003,486
084994371X,Blink,2003,485
0590406019,Last Battle,1988,487
0020442408,Prince Caspian,1970,487
0553225987,Robert's Rules of Order,1986,488
042517736X,Abduction,2000,489
0671868713,And Never Let Her Go : Thomas Capano: The Deadly Seducer,2000,115
038549825X,Not a Day Goes By : A Novel,2001,490
0553202294,Sun Signs,1981,491
0345313860,"The Vampire Lestat (Vampire Chronicles, Book II)",1986,492
0345369947,The Mummy or Ramses the Damned,1991,493
067170124X,HIS LITTLE WOMEN : HIS LITTLE WOMEN,1991,494
0345353625,Her Mother's Daughter,1990,495
0308102282,Your Erroneous Zones,1976,496
006017143X,The Night Listener,2000,497
0805056491,Organizing from the Inside Out,1998,498
0679401377,The Hellfire Club,1996,499
1562827049,"The Diary of Jack the Ripper/the Discovery, the Investigation, the Debate",1993,500
0385306032,Vanished,1993,464
0816152446,The Women in His Life (G K Hall Large Print Book Series),1991,501
0821772953,The Morning After,2004,502
0345379454,Missing Susan,1992,503
0553576925,Hiding in the Shadows (Shadows Trilogy (Paperback)),2000,138
0743206053,Kitchen Privileges : A Memoir,2002,46
0688169678,We Are Our Mothers' Daughters,2000,504
0439319552,Horus's Horrible Day (First Graders from Mars),2001,505
0590870157,My Garden (Beginning Literacy),1994,506
0307001164,101 Dalmatians,1996,507
0440441501,In the Dinosaur's Paw (Kids of the Polk Street School),1987,508
0590687301,Ralph S. Mouse,2000,509
0439061644,"The First Journey (Animorphs. Alternamorphs, 1)",1999,510
0439569842,How Do Dinosaurs Learn to Read,2003,511
0307118703,My First Book about Space (Golden Look-Look Books (Paperback)),1997,512
0590418858,You Be the Jury #02,1989,513
030720152X,Comic Characters,1983,514
0816728739,The Time Machine (Troll Illustrated Classics),1992,515
0865050880,I Like School (in My World Series),1985,516
0812519655,Sacred Ground,1995,517
0812524853,Burning Water (Burning Water),1992,517
0449211770,The Tightrope Walker,1997,518
193072229X,MoveOn's 50 Ways to Love Your Country: How to Find Your Political Voice and Become a Catalyst for Change,2004,519
0812521129,Children of the Night,1990,517
0345251733,Rainbow the Stormy Life of Judy Garland,0,520
1400077826,Cold Mountain (MTI) (Vintage Contemporaries),2003,521
0312995431,A Fountain Filled With Blood (A Rev. Clare Ferguson Mystery),2004,522
0312312628,Out of the Deep I Cry : A Clare Fergusson/Russ Van Alstyne Mystery,2004,522
0446394521,Daisy Fay and the Miracle Man,1992,523
0590021117,Little House On the Prairie,0,524
068484267X,Angela's Ashes: A Memoir,1999,202
0553578693,The Next Accident,2002,525
0380709260,Socks (Cleary Reissue),1990,509
0807565288,"The Pet Shop Mystery (Boxcar Children Special (Paper), No 7)",1996,526
0312986769,In the Bleak Midwinter (A Rev. Clare Ferguson Mystery),2003,522
0345413377,"The Amber Spyglass (His Dark Materials, Book 3)",2001,76
0345413369,"The Subtle Knife (His Dark Materials, Book 2)",1998,76
0679893105,"The Golden Compass (His Dark Materials, Book 1)",1998,76
0061096091,Eyeshot,1997,527
0345369068,"If Ever I Return, Pretty Peggy-O",1991,528
0451184718,The Rosewood Casket,1997,528
0449209121,The Amazing Mrs. Pollifax,1992,518
0060938455,Fast Food Nation: The Dark Side of the All-American Meal,2002,529
080411952X,The Unsung Hero,2000,530
0060575808,"Two Princesses of Bamarre, The",2004,531
0060558865,Ella Enchanted (rack),2004,531
0767912918,Passing for Thin : Losing Half My Weight and Finding My Self,2004,532
0553298860,Bloodlines (Dog Lover's Mysteries),1994,533
0385335679,Kissing in Manhattan,2002,534
0440122090,Echoes,1989,50
0671525832,Someone to Watch Over Me : A Novel,2003,535
0553279572,The Toynbee Convector,1989,166
0061009059,One for the Money (Stephanie Plum Novels (Paperback)),1995,536
0060930187,The Bell Jar : A Novel (Perennial Classics),2000,537
0516076272,A polar bear called Pingo,1974,538
0679450432,Dark Lady,1999,36
0821775863,The Future Scrolls,2003,539
0821770209,About Face,2003,539
0670855758,Tarot Says Beware (A Herculeah Jones Mystery),1995,540
0553562819,Globalhead,1994,541
0446364193,Along Came a Spider (Alex Cross Novels),1993,109
0446519138,Simple Abundance:  A Daybook of Comfort and Joy,1995,542
0425179672,The River King,2001,543
0061042943,Final Appeal,1994,544
0399144463,Who Moved My Cheese? An Amazing Way to Deal with Change in Your Work and in Your Life,1998,545
0965404560,Atonement,2002,546
006015781X,Why Do Clocks Run Clockwise? and Other Imponderables: Mysteries of Everyday Life Explained,1987,547
0060930705,Someone to Watch Over Me : Stories,2000,548
0312206763,Stately Pursuits,1999,549
0316116025,The Pinball Effect: How Renaissance Water Gardens Made the Carburetor Possible-And Other Journeys Through Knowledge (Pinball Effect),1996,550
0156013967,"My Father, Dancing (Harvest Book)",2000,551
0385314019,Women on the Case,1996,552
0743444167,New Cardiff,2002,553
0618231617,Almost: A Novel,2002,554
1567920047,A Tally of Types: With Additions by Several Hands ; And With a New Introduction by Mike Parker,1999,555
0811203220,Stand Still Like the Hummingbird,1962,556
1573229148,Crossing the Unknown Sea: Work As a Pilgrimage of Identity,2002,557
0787955671,The Future of Leadership: Today's Top Leadership Thinkers Speak to Tomorrow's Leaders,2001,558
0425174484,"Expecting Adam: A True Story of Birth, Rebirth, and Everyday Magic",2000,559
0385496907,No Future Without Forgiveness,2000,560
0446523992,"A Call to Conscience : The Landmark Speeches of Dr. Martin Luther King, Jr.",2001,561
0140185216,On the Road (Penguin 20th Century Classics),1998,562
0684717255,I And Thou,1971,563
0486272745,The Prince (Dover Thrift Editions),1992,564
8807120194,"Sarajevo, maybe (Anni Novanta/Feltrinelli)",1994,565
0062507249,Becoming a Man : Half a Life Story,1993,566
0684801221,OLD MAN AND THE SEA,1995,567
1576737357,Diary of a Teenage Girl - Becoming Me : Diary Number 1 (Diary of a Teenage Girl),2000,568
0060083298,The Dominant Blonde,2002,569
0446672211,Where the Heart Is (Oprah's Book Club (Paperback)),1998,570
0140293248,The Girls' Guide to Hunting and Fishing,2000,571
0807070718,Rena's Promise: A Story of Sisters in Auschwitz,1996,572
0743213831,America the Beautiful: A Novel,2001,573
0345305477,Easy Travel to Other Planets,1982,574
0061080519,The Mist and the Magic (Harper Monogram),1993,575
0142000205,Icy Sparks,2001,576
0316735027,The True and Outstanding Adventures of the Hunt Sisters: A Novel,2004,577
193156146X,The Time Traveler's Wife,2003,578
015600710X,Strange Fits of Passion: A Novel,1999,114
0062517856,The Monk Downstairs: A Novel,2002,579
0679767789,Lost in Place: Growing Up Absurd in Suburbia,1996,37
0449911683,My Name Is Asher Lev,1996,580
0425169626,Waking the Dead,2000,581
0449207757,Davita's Harp,1990,580
0449245691,The Book of Lights,1997,580
0140029400,The Mimic Men,1992,582
0140021566,The Mystic Masseur,1993,583
2253004022,Regain,1987,584
2253005274,Le Grand Meaulnes (Classiques De Poche),2000,585
225300670X,A l'Ouest rien de nouveau,1973,586
2266084372,,2000,587
2070362388,Ravage,0,588
2266029460,,1989,589
2253007102,Les Fleurs Du Mal,1972,590
2070417743,Chroniques martiennes,2002,166
2266033689,Le Diable Au Corps,0,591
2070384349,,1991,592
207053880X,L'Homme Qui Plantait Des Arbres,2002,584
2070334368,La Guerre Des Boutons,0,593
2290314951,Paroles de Poilus : Lettres et carnets du front 1914-1918,2001,594
229000510X,,1999,75
3492207006,Die Entdeckung der Langsamkeit.,1987,595
3499177757,Die Grenzen des Geschlechts: Anleitungen zum Sturz des internationalen Patriarchats : Amnesty for Women (Rororo Sachbuch),1984,596
3889774016,Frauen der Welt: Vom Fortschritt der Ungleichheit,1995,597
3502670005,,1999,598
0905762487,African Women: Their Struggle for Economic Independence,1980,599
3499222604,Die globalisierte Frau: Berichte aus der Zukunft der Ungleichheit (Frauen aktuell),1998,597
3746670055,"Women are the Niggers of the World: über Frauen, Herrenmenschen und Nietzsches Peitsche (AtV Dokument und Essay)",1994,600
0140620427,Sense and Sensibility (Penguin Popular Classics),1994,42
3596144434,Der gemietete Mann.,1999,601
3442724686,Der Gott der kleinen Dinge.,1999,180
0385504209,The Da Vinci Code,2003,112
0446525502,The Rescue,2000,193
0385500769,A Map of the World,1999,602
0399147012,Edge of Danger,2001,603
0670892963,Bridget Jones : The Edge of Reason,2000,158
0688180639,Vinegar Hill (Oprah's Book Club (Hardcover)),1999,274
0316789089,The Pilot's Wife : A Novel Tag: Author of the Weight of Water (Oprah's Book Club (Hardcover)),1999,114
0451197275,Saving Private Ryan: A Novel,1998,604
0425184129,Big Trouble,2002,264
0151001006,Snow Falling on Cedars,1994,605
0385505833,Skipping Christmas,2001,53
0679442790,The Reader,1997,606
0525943862,Cheaters,1999,607
0609605925,Angel Falls,2000,477
0060191929,The Saving Graces : A Novel,1999,608
0743206045,Daddy's Little Girl,2002,46
0684864843,The Vineyard : A Novel,2000,302
0684867818,The Looking Glass : A Novel (The Locket Series),1999,609
0743406176,If Only It Were True,2000,610
0380978539,"Dear Stranger, Dearest Friend",2000,611
0679603352,The Cider House Rules: A Novel (Modern Library),1999,285
0679410430,Lolita (Everyman's Library (Cloth)),1993,612
0446523569,Message in a Bottle,1998,193
0671042556,Blackbird: A Childhood Lost and Found,2000,613
0679450440,Protect and Defend,2000,36
0140107649,Blue Heaven (Contemporary American Fiction S.),1988,614
0609606727,Julie and Romeo,2000,615
0446527793,The Guardian,2003,193
0446531332,Nights in Rodanthe,2002,193
1570717257,Man and Boy,2001,616
0060192631,One Heart,1999,617
0385420161,"Like Water for Chocolate: A Novel in Monthly Installments, With Recipes, Romances, and Home Remedies",1992,618
0345339711,"The Two Towers (The Lord of the Rings, Part 2)",1986,619
052594463X,All of Me: A Voluptuous Tale,2000,620
039304016X,The Perfect Storm: A True Story of Men Against the Sea,1997,247
0399147128,The Villa,2001,299
0670031046,In This Mountain,2002,621
0394574745,"All the Pretty Horses (Border Trilogy, Vol 1)",1992,622
0316969443,Suzanne's Diary for Nicholas,2001,109
0743230051,He Sees You When You're Sleeping : A Novel,2001,46
0316693200,2nd Chance,2002,109
0684868911,The Carousel : A Novel,2000,609
0842336214,The Promise Remains,2000,623
0399148582,You Cannot Be Serious,2002,624
0684864320,LAKE NEWS : A Novel,1999,302
0525944834,Liar's Game,2000,607
0345428900,Out of the Blue,2000,625
0451176812,Voice of the Eagle,1993,626
0671525794,The Kingdom by the Sea: A Journey Around Great Britain,1984,117
0718144538,Shattered Uk,0,298
0446602086,The Proud and the Free,1995,627
0394551427,Shoah,1985,628
0064407667,"The Bad Beginning (A Series of Unfortunate Events, Book 1)",1999,629
0007100221,TERROR FIRMA,2001,630
2253148539,Le Loup-garou,1999,631
2253043974,,1987,127
2020315491,,1998,589
0747549923,Last Exit to Brooklyn,2000,632
0743462335,More George W. Bushisms: More Verbal Contortions from America's 43rd President,2002,633
0140253580,Therapy,1996,634
0947782141,Scottish Ghosts,1999,635
057120354X,Awful End (Eddie Dickens Trilogy S.),2000,636
0349101779,The Wasp Factory,0,637
0743222229,George W. Bushisms : The Slate Book of The Accidental Wit and Wisdom of our 43rd President,2001,633
185479549X,The World's Stupidest Laws,2000,638
0140292918,"Of Mice and Men (Steinbeck \""Essentials\"")",2001,639
1854795554,The World's Stupidest Signs,2000,640
1858813093,Nessie: The Loch Ness Monster,2003,641
2871290911,,1999,642
0198604025,How Not to Say What You Mean: A Dictionary of Euphemisms (Oxford Paperback Reference S.),2003,643
1842151053,Cooking for One (Cook's Essentials),2000,644
2253063339,Les Fourmis,2002,645
1860198597,How to Draw Celtic Knotwork: A Practical Handbook,0,646
0767908473,The Sorcerer's Companion: A Guide to the Magical World of Harry Potter,2001,647
1842040154,Celtic Myths and Legends,2000,648
0140622063,Scottish Folk and Fairy Tales (Penguin Popular Classics),1997,649
0571209521,Terrible Times (Eddie Dickens Trilogy S.),2002,636
2264009306,Cantilènes en gelée ; Barnum's digest ; Vingt poèmes inédits (10/18 [i.e. Dix/dix-huit] ; 517),1978,631
1841952931,Glasgow Zen,2002,650
0890877564,Totally Muffins Cookbook (Totally Cookbooks),1995,651
1405200677,Tigger's Little Book of Diet and Exercise,2002,652
0416196772,Eeyore's Little Book of Gloom,1999,653
0747538069,The Adventures of Dougal,1998,654
0375501347,Amy and Isabelle,1999,655
0060927240,"Rule of the Bone : Novel, A",1996,466
0316776963,Me Talk Pretty One Day,2001,656
156341029X,Stone Butch Blues,1993,657
0060934719,stardust,2001,240
1886383421,Fires of Aggar,2001,658
1888451084,Kamikaze Lust,2000,659
0451450256,Gossamer Axe,1993,660
1555835953,Witchfire,2001,661
0395877563,Seven Moves,1997,662
0962893862,Return to Isis,1992,663
1555834531,Hood,1998,664
0393318435,Leaving Pipe Shop: Memories of Kin,1998,665
0889740828,Love Ruins Everything: A Novel,1998,666
1563410443,"Skin: Talking About Sex, Class &amp; Literature",1994,339
1563899388,"Death: At Death's Door (Vertigo, Number 1)",2003,667
1563411148,The Second Coming of Curly Red,1999,668
0553579681,Night Mares,1999,669
0553579673,Hen's Teeth,1999,669
0451181379,The Door to December,1994,45
0786889160,"No Shirt, No Shoes, No Problem!",1997,670
0345370740,The Scions of Shannara (Heritage of Shannara (Paperback)),1993,671
0553574175,Star Wars the Rebel Dawn: The Han Solo Trilogy (Star Wars: Han Solo Trilogy (Paperback)),1998,672
0553574167,"The Hutt Gambit (Star Wars: The Han Solo Trilogy, Vol. 2)",1998,673
0553574159,"The Paradise Snare (Star Wars: The Han Solo Trilogy, Volume 1)",1998,673
0312287240,A Year of Full Moons,2002,674
0679801146,Alanna: The First Adventure (Song of the Lioness (Paperback)),1989,675
0446300101,"The Beans of Egypt, Maine",1986,676
0821750410,Warrior Moon,1995,677
0425142485,The Funhouse,1994,45
0451456548,Cold Iron,1997,678
0060006048,Circle of Three #12: Written in the Stars (Circle of Three),2001,679
0312906552,The Space Merchants,1987,680
0440117291,DREAMSNAKE,1986,681
0425049981,Titan,1980,682
0374386676,The Year They Burned the Books,1999,683
0786886463,A Density of Souls,2001,305
0345395379,Slow River,1996,684
0380788497,Changer,1998,149
0307215342,Trixie Belden and the Mystery Off Glen Road (Mystery Off Glen Road),1977,685
0374343381,Lark in the Morning,1991,683
0345403339,Saving Grace,1996,686
0440226694,Lena (50 State Quarters),2000,687
0440219604,I Hadn't Meant to Tell You This,1995,688
0767903285,Raise the Roof: The Inspiring Inside Story of the Tennessee Lady Vols' Undefeated 1997-98 Season,1998,689
0345429176,"Ufos, JFK and Elvis: Conspiracies You Don't Have to Be Crazy to Believe",1999,690
038529929X,Hannibal,1999,336
1573229571,About a Boy (Movie Tie-In),2002,691
0345418778,Mostly Harmless,2000,154
0517201658,The Thorn Birds (Modern Classics),1998,293
0743211383,Dreamcatcher,2001,120
039914370X,Sudden Mischief (Spenser Mysteries (Hardcover)),1998,272
1884777805,Elements of Programming With Perl,1999,692
0312977905,To Catch a Cat,2002,693
0812521331,"People of the Wolf (The First North Americans series, Book 1)",1992,694
0451205421,The Door to December,2002,45
0894342789,College Majors and Careers: A Resource Guide for Effective Life Planning (College Majors and Careers),1999,695
0440218535,Smilla's Sense of Snow,1997,696
0449207595,The Grass Is Always Greener over the Septic Tank,1988,697
8806142267,Viaggi del tempo immobile (I coralli),1996,698
0670844594,Rumpole on Trial,1992,699
039457513X,Billy Bathgate,1989,700
0394559487,Citizens: A Chronicle of the French Revolution,1989,701
0804001944,The Man Who Killed the Deer,1970,702
0590897985,The Music of Dolphins (Apple Signature Edition),1998,703
0689832877,Sunwing (Aladdin Fantasy),2001,704
0689829698,Caddie Woodlawn - Newbery Promo '99 (Aladdin Fiction),1999,705
0439042917,The Hork-Bajir Chronicles (Animorphs Series),1998,510
0064409457,The Silver Chair (full color) (Narnia),2000,487
0064405052,The Magician's Nephew (Narnia),1994,487
043922165X,"Circles in the Stream (Avalon: Web of Magic, 1)",2001,706
0152162445,High Wizardry: The Third Book in the Young Wizards Series,2001,707
0152162577,Deep Wizardry: The Second Book in the Young Wizards Series,2001,707
015216250X,So You Want to Be a Wizard: The First Book in the Young Wizards Series,2001,707
1562477528,Going for Great (Ag Fiction (American Girl)),1999,708
0439221676,"All That Glitters (Avalon, 2)",2001,709
0439221684,"Cry of the Wolf (Avalon, 3)",2001,709
0439221714,"The Secret of the Unicorn (Avalon Web of Magic, 4)",2000,709
0439221706,Avalon: Web Of Magic #5: Spellsinger,2002,709
0439221730,Trial by Fire,2002,709
0440415993,"Ties That Bind, Ties That Break (Laurel-Leaf Books)",2000,710
0895872102,"The Hauntings of Williamsburg, Yorktown, and Jamestown",1998,711
068983585X,The Janitor's Boy,2001,712
0345391802,The Hitchhiker's Guide to the Galaxy,1995,154
0440219078,The Giver (21st Century Reference),1994,713
185424597X,The Heavenly Man: The Remarkable True Story of Chinese Christian Brother Yun,2003,714
2080105434,The Little Book of Chocolate (Little Book Of...(Flammarion)),2001,715
349913358X,,1993,716
3257201761,Die zwei Gesichter des Januars.,1974,717
3404121686,,1994,97
3404118960,,1992,97
0345356578,A Man Rides Through (Man Rides Through),1990,718
0345346971,Mirror of Her Dreams (Mordant's Need),1987,719
0753804700,Reader,0,606
0451155750,The Dead Zone,2004,120
0786890436,The Diary of Ellen Rimbauer: My Life at Rose Red,2002,720
0415928087,A New Germany in a New Europe,2000,721
0521427150,"Belonging in the Two Berlins : Kin, State, Nation (Cambridge Studies in Social and Cultural Anthropology)",1992,722
0812923278,The Great Depression : America 1929-1941,1993,723
0884111342,Lady of the Shroud,1989,724
0345428544,"Dark Tide I: Onslaught (Star Wars: The New Jedi Order, Book 2)",2000,725
0671694049,LONG DARK TEA TIME OF THE SOUL,1990,154
080901582X,The Return of Simple,1995,726
0449006557,Half Moon Street (Charlotte &amp; Thomas Pitt Novels (Paperback)),2001,205
0373250339,A Minor Indiscretion (Red Dress Ink (Paperback)),2003,727
0380820447,"For Better, for Worse: A Novel",2002,728
0385497679,Hidden in Plain View: A Secret Story of Quilts and the Underground Railroad,2000,729
0451454243,The Forest House,1995,730
0941423042,American Poetry Since 1970: Up Late,1988,731
0373871562,Twin Blessings (Love Inspired (Numbered)),2001,732
0553101439,West of Dodge: Frontier Stories,1996,733
0898151910,"How to Make $1,000 a Minute: Negotiating Salaries and Raises",1987,734
0835949362,Non-manipulative selling,1981,735
0880701102,Come Before Winter and Share My Hope,1985,736
039914563X,The Bear and the Dragon,2000,123
0312853238,Ender's Game (Ender Wiggins Saga (Paperback)),1992,737
0688048730,Thinking on paper,1986,738
0425161722,Net Force,1999,123
0385493800,The Testament,1999,19
0849916399,The Internet Church,2000,739
1928791107,The Mp3 and Internet Audio Handbook: Your Guide to the Digital Music Revolution,2000,740
067175145X,The Way Things Ought to Be,1992,741
0440211727,A Time to Kill,1992,53
0877192820,The Truth About Texas: Who Needs to Brag? We'Ve Got the Facts,1995,742
0380002450,Awakening,1982,743
0793133955,Wall Street's Picks for 2000: An Insider's Guide to the Year's Best Stocks &amp; Mutual Funds (Wall Street's Picks),1999,744
0394178017,Poetics of the New American Poetry,1974,745
0425134350,Patriot Games,1992,123
0385479689,Dead Men Do Tell Tales: The Strange and Fascinating Cases of a Forensic Anthropologist,1995,746
0380754851,Moonlighting: 148 Great Ways to Make Money on the Side,1991,747
0380538504,Amanda Miranda,1981,748
044661162X,Chasing the Dime,2003,749
0671742566,Tender Triumph (Sonnet Books),1991,535
0515122408,The Cat Who Tailed a Thief,1998,160
0440222818,Guilt,1998,750
0451204050,On Secret Service,2001,751
038533334X,Charming Billy,1999,752
0449131548,All the Days of My Life,1986,753
0440120470,The Dinner Party,1991,754
0451188209,A Palette for Murder: Murder She Wrote (Murder She Wrote (Paperback)),1996,755
0440130913,Golden Cup,1987,188
0449001954,Murder at the Library of Congress (Capital Crimes (Paperback)),2001,376
0345404777,No Safe Place,1999,756
0451185277,Thorns of Truth,1999,757
0440224829,Granny Dan,2000,758
0671779338,Border Bride,1993,759
0515134368,The Penwyth Curse,2004,454
0380759497,Xanth 15: The Color of Her Panties,1992,163
3442098424,,1992,493
0394578791,A Reporter's Life,1996,760
1558505377,Jacob Marley's Christmas Carol,1995,761
0373245696,"Practice Makes Pregnant   Manhattan Multiples (Silhouette Special Edition, 1569)",2003,762
0743201078,"The Secret Lives of Girls: What Good Girls Really Do--Sex Play, Aggression, and Their Guilt",2002,763
068983571X,Hound of the Baskervilles (Aladdin Classics),2000,764
0553256785,SLEEPING MURDER,1983,765
0892967994,The Fractal Murders (Pepper Keane Mysteries),2004,766
0061064505,"Blowtorch Psycho.Com (Bone Chillers, No 18)",1997,767
1551668785,Final Stand,2002,768
0836230868,Christmas : A Holiday Treasury,1994,769
0381999866,Magic House of Numbers.,1974,770
0380817144,Lord of the Silent: A Novel of Suspense,2002,771
0380752115,Whisper to Me of Love,1991,772
0553212583,Wuthering Heights,1983,773
0446364762,The Stars Shine Down,1993,412
0425166619,Toxin,1999,489
061312975X,This Present Darkness,1999,774
0765341972,The Mothman Prophecies,2002,775
0590514776,Meet the Stars of Buffy the Vampire Slayer,1998,776
0373037430,Rush to the Altar  (Twin Brides),2003,777
